,et_rowagg_mf06_bs,et_allpool_3
c01,0.38798904,0.61201096
c02,0.18093848,0.8190615
c03,0.41696343,0.5830366
c05,0.0,1.0
c08,0.0,1.0
c09,0.0,1.0
c10,0.15295485,0.8470452
c11,0.0,1.0
c12,0.16557166,0.8344283
c13,0.20662332,0.7933767
c14,0.69483656,0.30516347
c16,0.0,1.0
c17,0.0,1.0
c18,0.26059365,0.73940635
c19,0.0,1.0
c23,0.15916112,0.8408389
